{"post":{"ID":18,"post_author":"1","post_date":"2021-12-15 00:46:10","post_date_gmt":"2021-12-15 05:46:10","post_content":"<!-- wp:paragraph -->\n<p>Nació el 9 de Septiembre de 1957, en la ciudad de Avellaneda, provincia de Buenos Aires. Cuando tenía seis años, Ricardo viajó a Caracas con sus padres y su hermana. Luego de tres años se mudaron a Maracaibo. Allí formó una banda con unos amigos. En esa época escuchaba a Led Zeppelin. La música le sirvió para curar su vergüenza y su timidez. En ese grupo era el baterista pero, un día faltó el cantante, él tomó su lugar y allí cantó por primera vez en público.<\/p>\n<!-- \/wp:paragraph -->","post_title":"Ricardo Montaner","post_excerpt":"","post_status":"publish","comment_status":"closed","ping_status":"closed","post_password":"","post_name":"ricardo-montaner","to_ping":"","pinged":"","post_modified":"2022-01-18 20:04:57","post_modified_gmt":"2022-01-19 01:04:57","post_content_filtered":"","post_parent":0,"guid":"http:\/\/artistas.test:8084\/?post_type=page_artist&#038;p=18","menu_order":0,"post_type":"page_artist","post_mime_type":"","comment_count":"0","filter":"raw"},"post_thumbnail":"http:\/\/artistas.test:8084\/wp-content\/uploads\/2021\/12\/descarga-copia.jpg","field_custom":{"_edit_lock":["1644976964:1"],"_edit_last":["1"],"url":["http:\/\/multisite_artists.test:8084"],"_url":["field_61b977b7dbb1e"],"codigo":["ricardomontaner_123"],"_codigo":["field_61b977eadbb1f"],"_thumbnail_id":["21"],"video_youtube_id":["DL7-CKirWZE"],"_video_youtube_id":["field_61ba64d2f5cfa"],"html_banner":["<!-- Revive Adserver Tag de Javascript - Generated with Revive Adserver v5.3.1 -->\r\n                    <script type='text\/javascript'><!--\/\/<![CDATA[\r\n                        var m3_u = (location.protocol=='https:'?'https:\/\/revive.test:8084\/www\/delivery\/ajs.php':'http:\/\/revive.test:8084\/www\/delivery\/ajs.php');\r\n                        var m3_r = Math.floor(Math.random()*99999999999);\r\n                        if (!document.MAX_used) document.MAX_used = ',';\r\n                        document.write (\"<scr\"+\"ipt type='text\/javascript' src='\"+m3_u);\r\n                        document.write (\"?zoneid=1\");\r\n                        document.write ('&amp;cb=' + m3_r);\r\n                        if (document.MAX_used != ',') document.write (\"&amp;exclude=\" + document.MAX_used);\r\n                        document.write (document.charset ? '&amp;charset='+document.charset : (document.characterSet ? '&amp;charset='+document.characterSet : ''));\r\n                        document.write (\"&amp;loc=\" + escape(window.location));\r\n                        if (document.referrer) document.write (\"&amp;referer=\" + escape(document.referrer));\r\n                        if (document.context) document.write (\"&context=\" + escape(document.context));\r\n                        document.write (\"'><\\\/scr\"+\"ipt>\");\r\n                        \/\/]]>--><\/script>\r\n                        <noscript><a href='http:\/\/revive.test:8084\/www\/delivery\/ck.php?n=a8aa6ad0&amp;cb=INSERT_RANDOM_NUMBER_HERE' target='_blank'><img src='http:\/\/revive.test:8084\/www\/delivery\/avw.php?zoneid=1&amp;cb=INSERT_RANDOM_NUMBER_HERE&amp;n=a8aa6ad0' border='0' alt='' \/><\/a><\/noscript>"],"_html_banner":["field_61da4de2f686d"],"html_banner_sec":["<!-- Revive Adserver Tag de Javascript - Generated with Revive Adserver v5.3.1 -->\r\n                    <script type='text\/javascript'><!--\/\/<![CDATA[\r\n                        var m3_u = (location.protocol=='https:'?'https:\/\/revive.test:8084\/www\/delivery\/ajs.php':'http:\/\/revive.test:8084\/www\/delivery\/ajs.php');\r\n                        var m3_r = Math.floor(Math.random()*99999999999);\r\n                        if (!document.MAX_used) document.MAX_used = ',';\r\n                        document.write (\"<scr\"+\"ipt type='text\/javascript' src='\"+m3_u);\r\n                        document.write (\"?zoneid=1\");\r\n                        document.write ('&amp;cb=' + m3_r);\r\n                        if (document.MAX_used != ',') document.write (\"&amp;exclude=\" + document.MAX_used);\r\n                        document.write (document.charset ? '&amp;charset='+document.charset : (document.characterSet ? '&amp;charset='+document.characterSet : ''));\r\n                        document.write (\"&amp;loc=\" + escape(window.location));\r\n                        if (document.referrer) document.write (\"&amp;referer=\" + escape(document.referrer));\r\n                        if (document.context) document.write (\"&context=\" + escape(document.context));\r\n                        document.write (\"'><\\\/scr\"+\"ipt>\");\r\n                        \/\/]]>--><\/script>\r\n                        <noscript><a href='http:\/\/revive.test:8084\/www\/delivery\/ck.php?n=a8aa6ad0&amp;cb=INSERT_RANDOM_NUMBER_HERE' target='_blank'><img src='http:\/\/revive.test:8084\/www\/delivery\/avw.php?zoneid=1&amp;cb=INSERT_RANDOM_NUMBER_HERE&amp;n=a8aa6ad0' border='0' alt='' \/><\/a><\/noscript>"],"_html_banner_sec":["field_61da4df5f686e"],"seo_title":["Vive tu ritmo - Ricardo Montaner"],"_seo_title":["field_61da4fdbf9b3b"],"seo_description":["Este sitio es de Ricardo Montaner, econtrarás nuevos cambios"],"_seo_description":["field_61da50099baed"],"seo_keywords":["Música, Canciones, Artista, Discografía"],"_seo_keywords":["field_61da50265c5c9"]},"artist_all":[{"post":{"ID":102,"post_author":"1","post_date":"2022-01-04 20:03:35","post_date_gmt":"2022-01-05 01:03:35","post_content":"<!-- wp:paragraph -->\n<p>vfsdvfds fds gre ges<\/p>\n<!-- \/wp:paragraph -->","post_title":"Romario","post_excerpt":"","post_status":"publish","comment_status":"closed","ping_status":"closed","post_password":"","post_name":"romario","to_ping":"","pinged":"","post_modified":"2022-02-08 19:47:24","post_modified_gmt":"2022-02-09 00:47:24","post_content_filtered":"","post_parent":0,"guid":"http:\/\/artistas.test:8084\/?post_type=page_artist&#038;p=102","menu_order":0,"post_type":"page_artist","post_mime_type":"","comment_count":"0","filter":"raw"},"url":["http:\/\/multisite_artists.test:8084"]},{"post":{"ID":50,"post_author":"1","post_date":"2021-12-17 17:10:09","post_date_gmt":"2021-12-17 22:10:09","post_content":"","post_title":"Jesus Fuentes","post_excerpt":"","post_status":"publish","comment_status":"closed","ping_status":"closed","post_password":"","post_name":"jesus-fuentes","to_ping":"","pinged":"","post_modified":"2022-01-18 20:04:15","post_modified_gmt":"2022-01-19 01:04:15","post_content_filtered":"","post_parent":0,"guid":"http:\/\/artistas.test:8084\/?post_type=page_artist&#038;p=50","menu_order":0,"post_type":"page_artist","post_mime_type":"","comment_count":"0","filter":"raw"},"url":["http:\/\/multisite_artists.test:8084\/"]},{"post":{"ID":25,"post_author":"1","post_date":"2021-12-15 17:30:58","post_date_gmt":"2021-12-15 22:30:58","post_content":"<!-- wp:paragraph -->\n<p>YO SOY ARJONA<\/p>\n<!-- \/wp:paragraph -->","post_title":"Ricardo Arjona","post_excerpt":"","post_status":"publish","comment_status":"closed","ping_status":"closed","post_password":"","post_name":"ricardo-arjona","to_ping":"","pinged":"","post_modified":"2022-01-18 20:04:38","post_modified_gmt":"2022-01-19 01:04:38","post_content_filtered":"","post_parent":0,"guid":"http:\/\/artistas.test:8084\/?post_type=page_artist&#038;p=25","menu_order":0,"post_type":"page_artist","post_mime_type":"","comment_count":"0","filter":"raw"},"url":["http:\/\/multisite_artists.test:8084\/"]},{"post":{"ID":18,"post_author":"1","post_date":"2021-12-15 00:46:10","post_date_gmt":"2021-12-15 05:46:10","post_content":"<!-- wp:paragraph -->\n<p>Nació el 9 de Septiembre de 1957, en la ciudad de Avellaneda, provincia de Buenos Aires. Cuando tenía seis años, Ricardo viajó a Caracas con sus padres y su hermana. Luego de tres años se mudaron a Maracaibo. Allí formó una banda con unos amigos. En esa época escuchaba a Led Zeppelin. La música le sirvió para curar su vergüenza y su timidez. En ese grupo era el baterista pero, un día faltó el cantante, él tomó su lugar y allí cantó por primera vez en público.<\/p>\n<!-- \/wp:paragraph -->","post_title":"Ricardo Montaner","post_excerpt":"","post_status":"publish","comment_status":"closed","ping_status":"closed","post_password":"","post_name":"ricardo-montaner","to_ping":"","pinged":"","post_modified":"2022-01-18 20:04:57","post_modified_gmt":"2022-01-19 01:04:57","post_content_filtered":"","post_parent":0,"guid":"http:\/\/artistas.test:8084\/?post_type=page_artist&#038;p=18","menu_order":0,"post_type":"page_artist","post_mime_type":"","comment_count":"0","filter":"raw"},"url":["http:\/\/multisite_artists.test:8084"]}]}