{"items":[{"title":"PlayList NN","codigo_de_playlist":"PLanrn6bPgjsaR1_bAV5-3aUAxOH-p9aNq","response":{"kind":"youtube#playlistListResponse","etag":"wmBHHaVR6z7nhuhaIxRxd6bsC2o","pageInfo":{"totalResults":0,"resultsPerPage":10},"items":[]}},{"title":"PlayList Arjona","codigo_de_playlist":"PLanrn6bPgjsZiHMPQK4HcW6Mg_8jGfxmo","response":{"kind":"youtube#playlistListResponse","etag":"vYsRwxyloByQ8zZOk_KySlgykpM","pageInfo":{"totalResults":1,"resultsPerPage":10},"items":[{"kind":"youtube#playlist","etag":"vcstP9l8nObUh5Ooc2g7lhtveL8","id":"PLanrn6bPgjsZiHMPQK4HcW6Mg_8jGfxmo","snippet":{"publishedAt":"2021-05-29T23:13:52Z","channelId":"UCsTl5H5X4SvTUkCCaMbAWyg","title":"RICARDO MONTANER FE","description":"","thumbnails":{"default":{"url":"https:\/\/i.ytimg.com\/vi\/q01z2vrQTrE\/default.jpg","width":120,"height":90},"medium":{"url":"https:\/\/i.ytimg.com\/vi\/q01z2vrQTrE\/mqdefault.jpg","width":320,"height":180},"high":{"url":"https:\/\/i.ytimg.com\/vi\/q01z2vrQTrE\/hqdefault.jpg","width":480,"height":360},"standard":{"url":"https:\/\/i.ytimg.com\/vi\/q01z2vrQTrE\/sddefault.jpg","width":640,"height":480},"maxres":{"url":"https:\/\/i.ytimg.com\/vi\/q01z2vrQTrE\/maxresdefault.jpg","width":1280,"height":720}},"channelTitle":"Ricardo Montaner","localized":{"title":"RICARDO MONTANER FE","description":""}}}]}},{"title":"PlayList Youtube","codigo_de_playlist":"PLT_JFfOXXl304TAw06TIVlZg_l3kA4DLF","response":{"kind":"youtube#playlistListResponse","etag":"reygUWhESjfx3wiCXmFbYaErJc0","pageInfo":{"totalResults":1,"resultsPerPage":10},"items":[{"kind":"youtube#playlist","etag":"6X6bfDkthTK_L3qEjJhR7X_KM14","id":"PLT_JFfOXXl304TAw06TIVlZg_l3kA4DLF","snippet":{"publishedAt":"2022-02-09T02:10:08Z","channelId":"UCHrJpzPaC2G-SsrEB-TX4Jw","title":"En la oscuridad","description":"","thumbnails":{"default":{"url":"https:\/\/i.ytimg.com\/vi\/VtBF7ihpb74\/default.jpg","width":120,"height":90},"medium":{"url":"https:\/\/i.ytimg.com\/vi\/VtBF7ihpb74\/mqdefault.jpg","width":320,"height":180},"high":{"url":"https:\/\/i.ytimg.com\/vi\/VtBF7ihpb74\/hqdefault.jpg","width":480,"height":360},"standard":{"url":"https:\/\/i.ytimg.com\/vi\/VtBF7ihpb74\/sddefault.jpg","width":640,"height":480},"maxres":{"url":"https:\/\/i.ytimg.com\/vi\/VtBF7ihpb74\/maxresdefault.jpg","width":1280,"height":720}},"channelTitle":"The Monkey Digital","localized":{"title":"En la oscuridad","description":""}}}]}}]}